Teste 50ml,Teste 100ml,Teste 150ml
573,634,618
572,628,616
572,624,616
572,619,615
572,614,614
572,611,612
571,607,611
571,604,610
571,602,609
570,599,608
570,597,607
570,595,607
569,594,605
570,592,605
570,591,603
570,590,602
569,589,602
569,588,602
569,587,601
569,587,600
568,586,598
569,586,598
568,585,596
568,584,596
568,584,596
568,583,595
568,583,595
568,582,595
568,582,593
568,581,592
568,581,593
568,581,592
568,580,592
568,580,591
568,579,591
568,579,591
568,579,590
568,578,590
567,578,590
567,578,589
568,578,589
567,577,589
568,577,587
567,577,587
567,577,586
567,577,587
567,577,586
567,577,587
567,577,586
567,576,586
